INSERT INTO cars (id, model, reg_number, color) VALUES (1, 'ВАЗ-2110', 'У891АВ99', 'Красный');
INSERT INTO cars (id, model, reg_number, color) VALUES (2, 'Opel Astra', 'А515ЕУ99', 'Синий');
INSERT INTO cars (id, model, reg_number, color) VALUES (3, 'Kia Rio', 'В918ОА99', 'Белый');
INSERT INTO cars (id, model, reg_number, color) VALUES (4, 'Nissan Almera', 'Е301АО99', 'Черный');
INSERT INTO cars (id, model, reg_number, color) VALUES (5, 'Daewoo Nexia', 'О184СТ99', 'Зеленый');

-- password = '1'
INSERT INTO users (id, username, password, email, firstname, car_id)
VALUES (1, 'driver1', '$2a$10$PTFwLEyb/5UW1egO2jpAvuceO.9iygXcVMma8h1tOBfvWsy6DEj2W', '1@mail.ru', 'Иван', 1);
INSERT INTO users (id, username, password, email, firstname, car_id)
VALUES (2, 'driver2', '$2a$10$PTFwLEyb/5UW1egO2jpAvuceO.9iygXcVMma8h1tOBfvWsy6DEj2W', '2@mail.ru', 'Сергей', 2);
INSERT INTO users (id, username, password, email, firstname, car_id)
VALUES (3, 'driver3', '$2a$10$PTFwLEyb/5UW1egO2jpAvuceO.9iygXcVMma8h1tOBfvWsy6DEj2W', '3@mail.ru', 'Геннадий', 3);
INSERT INTO users (id, username, password, email, firstname, car_id)
VALUES (4, 'driver4', '$2a$10$PTFwLEyb/5UW1egO2jpAvuceO.9iygXcVMma8h1tOBfvWsy6DEj2W', '4@mail.ru', 'Евгений', 4);
INSERT INTO users (id, username, password, email, firstname, car_id)
VALUES (5, 'driver5', '$2a$10$PTFwLEyb/5UW1egO2jpAvuceO.9iygXcVMma8h1tOBfvWsy6DEj2W', '5@mail.ru', 'Михаил', 5);
INSERT INTO users (id, username, password, email, firstname)
VALUES (6, 'pass1', '$2a$10$PTFwLEyb/5UW1egO2jpAvuceO.9iygXcVMma8h1tOBfvWsy6DEj2W', '6@mail.ru', 'Анна');
INSERT INTO users (id, username, password, email, firstname)
VALUES (7, 'pass2', '$2a$10$PTFwLEyb/5UW1egO2jpAvuceO.9iygXcVMma8h1tOBfvWsy6DEj2W', '7@mail.ru', 'Алексей');
INSERT INTO users (id, username, password, email, firstname)
VALUES (8, 'pass3', '$2a$10$PTFwLEyb/5UW1egO2jpAvuceO.9iygXcVMma8h1tOBfvWsy6DEj2W', '8@mail.ru', 'Костя');
INSERT INTO users (id, username, password, email, firstname)
VALUES (9, 'pass4', '$2a$10$PTFwLEyb/5UW1egO2jpAvuceO.9iygXcVMma8h1tOBfvWsy6DEj2W', '9@mail.ru', 'Лера');
INSERT INTO users (id, username, password, email, firstname)
VALUES (10, 'pass5', '$2a$10$PTFwLEyb/5UW1egO2jpAvuceO.9iygXcVMma8h1tOBfvWsy6DEj2W', '10@mail.ru', 'Марина');
INSERT INTO users (id, username, password, email, firstname)
VALUES (11, 'pass6', '$2a$10$PTFwLEyb/5UW1egO2jpAvuceO.9iygXcVMma8h1tOBfvWsy6DEj2W', '11@mail.ru', 'Ольга');
INSERT INTO users (id, username, password, email, firstname)
VALUES (12, 'pass7', '$2a$10$PTFwLEyb/5UW1egO2jpAvuceO.9iygXcVMma8h1tOBfvWsy6DEj2W', '12@mail.ru', 'Юрий');
INSERT INTO users (id, username, password, email, firstname)
VALUES (13, 'pass8', '$2a$10$PTFwLEyb/5UW1egO2jpAvuceO.9iygXcVMma8h1tOBfvWsy6DEj2W', '13@mail.ru', 'Вова');
INSERT INTO users (id, username, password, email, firstname)
VALUES (14, 'pass9', '$2a$10$PTFwLEyb/5UW1egO2jpAvuceO.9iygXcVMma8h1tOBfvWsy6DEj2W', '14@mail.ru', 'Света');
INSERT INTO users (id, username, password, email, firstname)
VALUES (15, 'pass10', '$2a$10$PTFwLEyb/5UW1egO2jpAvuceO.9iygXcVMma8h1tOBfvWsy6DEj2W', '15@mail.ru', 'Алла');
INSERT INTO users (id, username, password, email, firstname)
VALUES (16, 'pass11', '$2a$10$PTFwLEyb/5UW1egO2jpAvuceO.9iygXcVMma8h1tOBfvWsy6DEj2W', '16@mail.ru', 'Ира');
INSERT INTO users (id, username, password, email, firstname)
VALUES (17, 'pass12', '$2a$10$PTFwLEyb/5UW1egO2jpAvuceO.9iygXcVMma8h1tOBfvWsy6DEj2W', '17@mail.ru', 'Петя');
INSERT INTO users (id, username, password, email, firstname)
VALUES (18, 'pass13', '$2a$10$PTFwLEyb/5UW1egO2jpAvuceO.9iygXcVMma8h1tOBfvWsy6DEj2W', '18@mail.ru', 'Андрей');
INSERT INTO users (id, username, password, email, firstname)
VALUES (19, 'pass14', '$2a$10$PTFwLEyb/5UW1egO2jpAvuceO.9iygXcVMma8h1tOBfvWsy6DEj2W', '19@mail.ru', 'Гриша');
INSERT INTO users (id, username, password, email, firstname)
VALUES (20, 'pass15', '$2a$10$PTFwLEyb/5UW1egO2jpAvuceO.9iygXcVMma8h1tOBfvWsy6DEj2W', '20@mail.ru', 'Вадим');
INSERT INTO users (id, username, password, email, firstname)
VALUES (21, 'pass16', '$2a$10$PTFwLEyb/5UW1egO2jpAvuceO.9iygXcVMma8h1tOBfvWsy6DEj2W', '21@mail.ru', 'Антон');
INSERT INTO users (id, username, password, email, firstname)
VALUES (22, 'pass17', '$2a$10$PTFwLEyb/5UW1egO2jpAvuceO.9iygXcVMma8h1tOBfvWsy6DEj2W', '22@mail.ru', 'Коля');
INSERT INTO users (id, username, password, email, firstname)
VALUES (23, 'pass18', '$2a$10$PTFwLEyb/5UW1egO2jpAvuceO.9iygXcVMma8h1tOBfvWsy6DEj2W', '23@mail.ru', 'Рома');
INSERT INTO users (id, username, password, email, firstname)
VALUES (24, 'pass19', '$2a$10$PTFwLEyb/5UW1egO2jpAvuceO.9iygXcVMma8h1tOBfvWsy6DEj2W', '24@mail.ru', 'Полина');
INSERT INTO users (id, username, password, email, firstname)
VALUES (25, 'pass20', '$2a$10$PTFwLEyb/5UW1egO2jpAvuceO.9iygXcVMma8h1tOBfvWsy6DEj2W', '25@mail.ru', 'Саша');
INSERT INTO users (id, username, password, email, firstname)
VALUES (26, 'pass21', '$2a$10$PTFwLEyb/5UW1egO2jpAvuceO.9iygXcVMma8h1tOBfvWsy6DEj2W', '26@mail.ru', 'Даша');
INSERT INTO users (id, username, password, email, firstname)
VALUES (27, 'pass22', '$2a$10$PTFwLEyb/5UW1egO2jpAvuceO.9iygXcVMma8h1tOBfvWsy6DEj2W', '27@mail.ru', 'Маша');
INSERT INTO users (id, username, password, email, firstname)
VALUES (28, 'pass23', '$2a$10$PTFwLEyb/5UW1egO2jpAvuceO.9iygXcVMma8h1tOBfvWsy6DEj2W', '28@mail.ru', 'Наташа');
INSERT INTO users (id, username, password, email, firstname)
VALUES (29, 'pass24', '$2a$10$PTFwLEyb/5UW1egO2jpAvuceO.9iygXcVMma8h1tOBfvWsy6DEj2W', '29@mail.ru', 'Лена');
INSERT INTO users (id, username, password, email, firstname)
VALUES (30, 'pass25', '$2a$10$PTFwLEyb/5UW1egO2jpAvuceO.9iygXcVMma8h1tOBfvWsy6DEj2W', '30@mail.ru', 'Галя');

INSERT INTO roles (id, name) VALUES (1, 'ROLE_ADMIN');
INSERT INTO roles (id, name) VALUES (2, 'ROLE_USER');
INSERT INTO roles (id, name) VALUES (3, 'ROLE_DRIVER');
INSERT INTO roles (id, name) VALUES (4, 'ROLE_PASSENGER');

INSERT INTO user_roles (user_id, role_id) VALUES (1, 3);
INSERT INTO user_roles (user_id, role_id) VALUES (2, 3);
INSERT INTO user_roles (user_id, role_id) VALUES (3, 3);
INSERT INTO user_roles (user_id, role_id) VALUES (4, 3);
INSERT INTO user_roles (user_id, role_id) VALUES (5, 3);
INSERT INTO user_roles (user_id, role_id) VALUES (6, 4);
INSERT INTO user_roles (user_id, role_id) VALUES (7, 4);
INSERT INTO user_roles (user_id, role_id) VALUES (8, 4);
INSERT INTO user_roles (user_id, role_id) VALUES (9, 4);
INSERT INTO user_roles (user_id, role_id) VALUES (10, 4);
INSERT INTO user_roles (user_id, role_id) VALUES (11, 4);
INSERT INTO user_roles (user_id, role_id) VALUES (12, 4);
INSERT INTO user_roles (user_id, role_id) VALUES (13, 4);
INSERT INTO user_roles (user_id, role_id) VALUES (14, 4);
INSERT INTO user_roles (user_id, role_id) VALUES (15, 4);
INSERT INTO user_roles (user_id, role_id) VALUES (16, 4);
INSERT INTO user_roles (user_id, role_id) VALUES (17, 4);
INSERT INTO user_roles (user_id, role_id) VALUES (18, 4);
INSERT INTO user_roles (user_id, role_id) VALUES (19, 4);
INSERT INTO user_roles (user_id, role_id) VALUES (20, 4);
INSERT INTO user_roles (user_id, role_id) VALUES (21, 4);
INSERT INTO user_roles (user_id, role_id) VALUES (22, 4);
INSERT INTO user_roles (user_id, role_id) VALUES (23, 4);
INSERT INTO user_roles (user_id, role_id) VALUES (24, 4);
INSERT INTO user_roles (user_id, role_id) VALUES (25, 4);
INSERT INTO user_roles (user_id, role_id) VALUES (26, 4);
INSERT INTO user_roles (user_id, role_id) VALUES (27, 4);
INSERT INTO user_roles (user_id, role_id) VALUES (28, 4);
INSERT INTO user_roles (user_id, role_id) VALUES (29, 4);
INSERT INTO user_roles (user_id, role_id) VALUES (30, 4);
